Review ID,Review
1,อาหารอร่อยค่ะโดยเฉพาะซี่โครงหมู และเสิร์ฟได้เร็วค่ะ พนักงานสุภาพและบริการดี มีwelcome drinkและขนม1อย่างให้ทานฟรี คุณโต้บริการและให้คำแนะนำในการเลือกเมนูได้ดีค่ะ
2,อาหารอร่อยมากค่ะ บรรยากาศดีมาก บริการดีมากค่ะ วัตถุดิบสมราคา เชฟทำอาหารได้อร่อยมากค่ะ พรักงานนิ้มแจ้มแจ่มใส
3,บริการดีพนักงานพูดเพราะ คอยใส่ใจเติมน้ำโดยไม่ต้องร้องขอ บรรยากาศดีมีพื้นที่รองรับ มีการเสิร์ฟอย่างรวดเร็ว อาหารรสชาติดี
4,อาหารตกแต่งสวยงามแบบไทย รสชาติอร่อย สะอาด พนักงานบริการดีมาก สุภาพ บรรยากาศในร้านดีมาก สะอาด สดชื่น
5,บรรยากาศดี อาหารอร่อยทุกอย่างเลยค่ะ พนักงานก็บริการดีมากๆ น้องเทรนนี่ศิรชัชน่ารักมากๆคอยดูแลตลอดเลยค่ะ
6,การบริกการที่มากกว่าคำว่าดี จะต้องใช้คำว่าดีเริศ ใสใจทุกรายละเอียดตั้งแต่เริ่มก้าวเข้ามา อาหารทุกจานโดนกลั่นกรองมาจากหัวใจเชฟต้น เป็นวันครบรอบแต่งงานที่ประทับใจมิรู้ลืม
7,อาหารอร่อย กลมกล่อมทุกจาน บรรยากาศหรู โมเดิร์นไทย ค่อนข้างเป็นแนวผู้ใหญ่ เหมาะกับพาครอบครัวมาทาน พนักงานทุกคนใส่ใจดูแลดีมาก
8,อาหารอร่อย บริการดีมากก ขนมอร่อยยย อาหารจานใหญ่ แต่อร่อยย แนะนำค่ะ มาทานกัน มากับครอบครัวก็ดีเลยค่ะ พนักงานพูดจาดี
9,บรรยากาศดีมากค่ะ อาหารรสชาติค่อนข้างดี กุ้งสด ตัวใหญ่ค่ะ แต่ส่วนใหญ่จะเน้นเป็นแกงกะทิ อาจจะทำให้เลี่ยนบ้าง แต่โดยรวมถือว่าคุ้มค่ามากๆค่ะ
10,การบริการของผู้จัดการและพนักงานดีเยี่ยม ให้ความรู้สึกอบอุ่น อาหารรสชาติดี เหมาะสำหรับการมารับประทานเป็นกลุ่ม ประทับใจมากครับ
11,อาหารอร่อยแบบไทยโบราณภาคกลาง บรรยากาศดีมาก ตกแต่งสวยงาม สะอาด พนักงานบริการรวดเร็ว สุภาพ เป็นกันเอง ไม่วุ่นวายเกินงาม
12,อาหารรสชาติดี บรรยากาศดี พนักงานสุภาพ บริการดี ให้คำแนะนำดีมากๆ ชอบมาก ต้องหาโอกาสจะต้องกลับมาทานอีก
13,บรรยากาศดีมากมีความเป็นไทยสูง เหมือนชาววัง อาหารตกแต่งสวยงาม มีเอกลักษณ์หาทานได้ยากมาก รสชาติจัดจ้านดีมาก การบริการดีมาก
14,เพิ่งเคยกินเมี่ยงคำครั้งแรก ประทับใจเลยค่ะ รสชาติอร่อย กลมกล่อม ส่วนผสมเข้ากันได้ดี ส่วนตัวชอบมะพร้าวคั่วกับน้ำราดค่ะ
15,บริการดี อาหารอร่อย พนักงานมีเซอร์ไพร์สให้ด้วยครับ บรรยากาศดี เหมาะสำหรับคู่รัก ครอบครัว อารมย์ อบอุ่นๆ ประทับใจมากครับ
